"@turquesazulada jaja, en el paquete Microsoft viene un vigilante que a diario me recuerda todo lo que no respondÃ­."
"RT @sacrediconpod: It's remarkable how synonymous Halo is with Xbox.

What was originally a secret project at Bungie in the late 90's is noâ€¦"
@Alter83519335 I need it! Thank you!! Rn the document is so big that it keeps crashing Microsoft Word! ğŸ˜…ğŸ˜…ğŸ˜…ğŸ˜ª
"RT @TimeTreeApp_JP: ã€Webç‰ˆã«ã¤ã„ã¦ã€‘

TimeTree Webç‰ˆã¯2021å¹´6æœˆæœ«ã« Internet Explorer/IE ã§ã®åˆ©ç”¨ã‚µãƒãƒ¼ãƒˆã‚’çµ‚äº†ã—ã¾ã™ã€‚

å¿«é©ã«åˆ©ç”¨ã„ãŸã ããŸã‚ã€ä¸‹è¨˜ãƒ–ãƒ©ã‚¦ã‚¶ãŠã‚ˆã³ç›´è¿‘1å¹´ä»¥å†…ã«ãƒªãƒªãƒ¼ã‚¹ã•ã‚ŒãŸãƒãƒ¼ã‚¸ãƒ§ãƒ³ã§ã®åˆ©ç”¨ã‚’â€¦"
RT @autumnncarbine: With Microsoft shutdown sound for a laugh. I hope dude is okay. https://t.co/8HYf0kgtSl
"Sustentando IP da Microsoft direto no PS4, assim que Ã© bom #PS4share https://t.co/LF11djpY3T"
"Until then, it's not Microsoft Paint. It's Microsoft Ain't."
"Generation X Gaming Ep#263 (May 13, 2021) Season 7 talking, a few of the top stories from the past week like Marvelâ€¦ https://t.co/jlHTd9ucrL"
"Project Reunion 0.5.7 is now available https://t.co/Z8xXHjPVnd

Upgrade instructions https://t.co/vZ7B4nXvLw"
@XboxStockAlerts Got mine from the Microsoft store ordered Tuesday delivered today took me 3 months to get one ğŸ®
@awgreig She wants to really learn excel so I figured maybe Microsoft would be the best route?
Another software upgrade? Switching to Microsoft 365? Does your team need to be more productive with Microsoft Offiâ€¦ https://t.co/fc06lTtYxo
"Precisando de uma ajudinha nos estudos?

A Uni Academy estÃ¡ disponibilizando de forma gratuita o guia de estudos doâ€¦ https://t.co/2yhuj1JcCd"
"Buy Microsoft Surface Pro X: 13"" Touch-Screen, SQ1, 8GB Memory, 256GB SSD, Wifi + 4G Lte $999.99 #Dailydealsâ€¦ https://t.co/nkyl0fxbKe"
"Buy Microsoft Surface Pro X: 13"" Touch-Screen, SQ1, 8GB Memory, 128GB SSD, Wifi + 4G Lte $799.99, More for $799.99â€¦ https://t.co/xACnwYg3qe"
@KunZed_ @philousports Gratuit sur le Microsoft store
"RT @sacrediconpod: It's remarkable how synonymous Halo is with Xbox.

What was originally a secret project at Bungie in the late 90's is noâ€¦"
"RT @br_checkpoint: Ã‰ importante lembrar que, bem como a Microsoft ou Sony, publishers terceirizadas tÃªm liberdade para submeter quaisquer aâ€¦"
"RT @sacrediconpod: It's remarkable how synonymous Halo is with Xbox.

What was originally a secret project at Bungie in the late 90's is noâ€¦"
"RT @KevinKaichuang: If you're a PhD student in the US or Canada going into your third year in Fall 2021, get your department to nominate yoâ€¦"
@gabrielthevega @IwalkVikCelts @BleacherReport @Microsoft ğŸ’€ğŸ’€
@VTiryan @Microsoft Rent free lmao
"RT @MicrosoftDesign: Touch itâ€”you know you want to. Or throw it, or dance with it, or anything else you can think of. #HoloLens2 leveragesâ€¦"
"Women will do anything for a Microsoft Surface tablet. 

https://t.co/0wIF9kJqSD"
"Eu tÃ´ aqui pensando, e se o windows defender for um minerador de de bitcoin da Microsoft em seu Pc? ğŸ¤”"
"RT @rojo_neon: CONACYT recomienda llenar sus formatos en lÃ­nea vÃ­a ""Internet Explorer""ğŸ™ˆ

Desde hace 5 aÃ±os Microsoft descontinuÃ³ Explorer pâ€¦"
@Kam1esports El Microsoft 3.0 era el boca river de la epoca con ese... Que lindo que era.
"ğŸš€ğŸš¨ [usa] [microsoft (xboxsx)] xbox series x :: IN STOCK ğŸš¨ğŸš€ 
Streaming: https://t.co/Mt44Lrc5SZ

Link:â€¦ https://t.co/Qk7e57IB7m"
"Found this today : 
In 2011, @samykamkar discovered the iPhone, Android and Windows Phone mobile devices were contiâ€¦ https://t.co/eSIRAL2R85"
"5æœˆ13æ—¥GAFA+M 2020/9/2æ¯”é¨°è½ç‡
Google 31.7%
Aamazon -10.5%
Facebook 0.9%
Apple -4.9%
Microsoft 4.9%
#æŠ•è³‡ã®åŸºæœ¬"
"ã€Webç‰ˆã«ã¤ã„ã¦ã€‘

TimeTree Webç‰ˆã¯2021å¹´6æœˆæœ«ã« Internet Explorer/IE ã§ã®åˆ©ç”¨ã‚µãƒãƒ¼ãƒˆã‚’çµ‚äº†ã—ã¾ã™ã€‚

å¿«é©ã«åˆ©ç”¨ã„ãŸã ããŸã‚ã€ä¸‹è¨˜ãƒ–ãƒ©ã‚¦ã‚¶ãŠã‚ˆã³ç›´è¿‘1å¹´ä»¥å†…ã«ãƒªãƒªãƒ¼ã‚¹ã•ã‚ŒãŸãƒãƒ¼ã‚¸ãƒ§ãƒ³ã§â€¦ https://t.co/drt6Hu9jhe"
@gunswat_ This video goes into good detail of how Microsoft and Sega was actually possible over 20 years ago! Xboxâ€¦ https://t.co/ha7ZgtEEGM
#MortalKombat will be fast-tracked to a digital release in Australia on May 20th. Ahead of its physical release (whâ€¦ https://t.co/ZfDWztSyLq
"RT @BleacherReport: Collin Sexton breaks down film on all the ways he gets buckets ğŸ”¥ 

NBA CourtOptix powered by @Microsoft Azure gives Colâ€¦"
RT @autumnncarbine: With Microsoft shutdown sound for a laugh. I hope dude is okay. https://t.co/8HYf0kgtSl
"RT @misteri1963: ğŸ‘€ Sky News Australia

ğŸ‘‰Una nueva versiÃ³n de Internet que estÃ¡ descentralizada y construida alrededor de blockchain estÃ¡ acâ€¦"
"RT @DealorsCom: Your New Exclusive Deal At Dealors!

Microsoft Surface Studio All-in-one 28"" 4500x3000 Touchscreen, i5, 8GB RAM, 64GB SSD+1â€¦"
"@CavsNation623 @IwalkVikCelts @BleacherReport @Microsoft bro heâ€™s a Celtics fan, heâ€™s mad from yesterday."
"@otaku_sensato Eu acho que a Bandai eles fazem jogos muito bons tipo a jogos de animes como Naruto,Dragon Ball e etâ€¦ https://t.co/30er9WJTl5"
https://t.co/lKrxGYmLWh
"RT @ergoontario: Inuktitut is now available in Microsoft Translator!
https://t.co/OcJoDT6aTU
The Government of Nunavut has worked proactiveâ€¦"
"RT @rojo_neon: CONACYT recomienda llenar sus formatos en lÃ­nea vÃ­a ""Internet Explorer""ğŸ™ˆ

Desde hace 5 aÃ±os Microsoft descontinuÃ³ Explorer pâ€¦"
@beta_collector @Windows @Microsoft guys guys how can I sign up to Be a Clockâ„¢
Please join #MicrosoftRewards! and start earning points https://t.co/pl4PYJnuUF
"RT @StrikeForceTech: ""Bolstering SafeVchatâ€™s growth are new features being developed &amp; tested for ... corporate customers looking to switchâ€¦"
"@beta_collector @WindAesthetic @Windows @Microsoft Even if it looks like an early beta build, it still looks aesthetic."
RT @purexbox: Tencent's TiMi Forms 'Strategic Partnership' With Xbox Game Studios https://t.co/TbnZeEQko8 #Repost #Xbox #Microsoft #Tencentâ€¦
"RT @nancybaym: I am *so excited* to announce this (public!) @MSFTResearch Race and Tech Lecture Series. 14 lectures in 14 months, togetherâ€¦"
RT @kylealden: The @msedgedev Web Platform Team is hiring for a Senior PM to help drive Chromium forward and shape the future of Edge. Partâ€¦
"RT @xboxinsider: #XboxInsiders Having trouble installing the PSO2:NGS Closed Beta? These steps may help: 

- Restart your PC.
- Sign-out ofâ€¦"
"ğŸš¨ğŸš¨ #RESTOCK ALERT ğŸš¨ğŸš¨
Xbox Series S available at #BestBuy
#XboxSeriesS #XboxSeriesSrestock
https://t.co/itwcRrrabn https://t.co/VZ9Bp9l8QL"
RT @casi4Keh: 20 aÃ±os Ya!! desde mi primer amor Halo y Microsoft Xboxâ¤ https://t.co/hKT641vPG4
RT @jmculling: The desperate mask lunacy is too much for me. I have instructed Microsoft Word to automatically replace the word â€œDemocratsâ€â€¦
"RT @XavierNaxa: Microsoft Surface Duo nampaknya mengalami penurunan harga dari $1,399 kepada $690.

Saya boleh anggap Surface Duo masih berâ€¦"
@The_G_91 @DallasStars Don't come here talking shit when your logo looks like it was made in Microsoft paint
microsoft/Panopticon is a new repository by microsoft. Panopticon is a complete in-DRAM RowHammer mitigation. Thisâ€¦ https://t.co/0kcLOSeR4L
"RT @MicrosoftDesign: Touch itâ€”you know you want to. Or throw it, or dance with it, or anything else you can think of. #HoloLens2 leveragesâ€¦"
"ğŸš€ğŸš¨ [usa] [microsoft (xboxss)] xbox series s :: IN STOCK ğŸš¨ğŸš€ 
Streaming: https://t.co/Mt44Lrc5SZ

Link:â€¦ https://t.co/6mckVWGCoy"
"@lisaquestions @Windows @ubuntu @Microsoft That's a workaround, I guess ..."
RT @mandywhaley: Come join our team and help devs build end-to-end tests for modern web apps with @playwrightweb. We are hiring a Sr. Produâ€¦
RT @windowsdev: A new servicing update for #ProjectReunion is now available - Project Reunion 0.5.7 ğŸŠğŸ’» This is a stable release with even mâ€¦
RT @windowsdev: âš™ Update your app to the latest version: https://t.co/kVEIAx8UWO
"@k3vk4 @Windows @ubuntu @Microsoft @code @VSCodium @Xbox Okay, I apologize, but I'm going to have to block you becaâ€¦ https://t.co/14EgM1mHWL"
RT @ylongqi: I am just so pumped that my first CHI paper from my first research intern received best paper honorable mention and gets coverâ€¦
@BleacherReport @Microsoft @thisvideobot
"RT @MicrosoftDesign: Touch itâ€”you know you want to. Or throw it, or dance with it, or anything else you can think of. #HoloLens2 leveragesâ€¦"
"Apparently you have to use Microsoft Edge. Of course. That is still laggy af and now it's saying ""No enforcement hiâ€¦ https://t.co/0H8wzqOBz9"
@lisaquestions @Windows @ubuntu @Microsoft @code @VSCodium @Xbox https://t.co/VuFMvQkQZz
RT @Wario64: New subscribers: 3 months of Xbox Game Pass Ultimate for $1 from Microsoft https://t.co/DrDtsvwZ2y #ad https://t.co/FKsyPz57jh
"RT @Foxhack: What the fuck is this bullshit, @Microsoft, I DON'T WANT YOU TO TRY TO FORCE THIS SHIT ON ME, FUCK THE FUCK OFF https://t.co/Nâ€¦"
@CleSportOpinion @BleacherReport @Microsoft We will donâ€™t worry
ã¦ã‹OSå´ã§ç¦æ­¢ã—ã‚ã‚ˆãƒãƒ³ã‚³ãƒ„Microsoftã•ã‚“ã‚ˆã‰ï¼ˆXboxãŸã®ã¡ã„ï¼‰
"RT @MicrosoftEDU: Want to keep your classroom excited about learning as the school year winds down? ğŸ¤© 

@MicrosoftStore is offering free viâ€¦"
"RT @BleacherReport: Collin Sexton breaks down film on all the ways he gets buckets ğŸ”¥ 

NBA CourtOptix powered by @Microsoft Azure gives Colâ€¦"
"RT @TomoUiPath: æ‰€è¬‚ã€Œç´”ã‚¸ãƒ£ãƒ‘ã€ã‹ã‚‰ã‚¹ã‚¿ãƒ³ãƒ•ã‚©ãƒ¼ãƒ‰MBAå–å¾—å¾ŒMicrosoftæœ¬ç¤¾ã§å‹¤å‹™ã•ã‚Œã€ç¾åœ¨Commercial CMOã¨ã—ã¦æ´»èºã•ã‚Œã¦ã„ã‚‹Numotoã•ã‚“ã®5å¹´å‰ã®åŒç¤¾Tech Summitã®ãƒ—ãƒ¬ã‚¼ãƒ³å‹•ç”»è¦‹ã¦ã‚‹ã‘ã©å‡„ã„ãªã€‚
ã€Œæ—¥æœ¬äººã ã‹ã‚‰...ã€ã¿ãŸã„â€¦"
"@_qyousef Now this is an exercise, part of this exercise is grandiose, sure, the tuple isn't just about (arch, kverâ€¦ https://t.co/w5MXYiMjOG"
With Microsoft shutdown sound for a laugh. I hope dude is okay. https://t.co/VoIVEHB1DV https://t.co/8HYf0kgtSl
RT @djammmer: Hereâ€™s the latest #configmgr tech preview:  https://t.co/L0XlfU4fSM. #memcm
"Is Microsoft Preparing To Bail On The Smartphone Market Again, Or Is A Surface Duo Replacement Comingâ€¦ https://t.co/xOKpkREjRW"
"@gameranx Yes, that games fire. Microsoft(or whoever owns it) needs to sell the IP"
"@lisaquestions @Windows @ubuntu @Microsoft ğŸ†—ğŸ†’
Let me know if venting caused positive change.

After all, #Microsoftâ€¦ https://t.co/D1me5ewg3c"
"@eXtas1stv Cuidado que podrÃ­a ser un economista autonomo de Microsoft, de vez en cuando viaja a Redmond a hacerlesâ€¦ https://t.co/yJ2hh8Wsuh"
@k3vk4 @Windows @ubuntu @Microsoft Windows 10 updates are something that annoy me so I vent about them but I'm notâ€¦ https://t.co/kvv0knm2ae
"RT @TDaytonPM: Some insight into hardware and software failures across a fleet of 180,000 switches, compliments of Microsoft's Azure publicâ€¦"
"RT @PS5restocks_etc: Well #Microsoft skipped a Sunday #XboxSeriesX restock but they dropped right on time today, starting at about 6PM ESTâ€¦"
@XboxStockAlerts Just got my series x from the Microsoft store ordered on Tuesday delivered today ğŸ®
"RT @msdev: Start spreading the news â€¦ #MSBuild
Register today: https://t.co/adM3n4JkAF https://t.co/NYkq1jbyPP"
"Remember to take breaks! Yiff! Thanks and bye-bye! #MakeWindowsGreatAgain, Microsoft!"
@BarnettforAZ @andersonDrLJA The AZ Auditors should have a ISC2 Certified CISA/CISSP/CISM engineer and a Microsoftâ€¦ https://t.co/jJy8dC8d68
"RT @HaifeiLi: How could an attacker exploit this vulnerability?
..an unauthenticated attacker could send a specially crafted packet to a taâ€¦"
@DrakeSincero1 Se juntar todos os jogos da Microsoft nÃ£o dÃ¡ um God of War. Qualidade &gt; quantidade.
"What the fuck is this bullshit, @Microsoft, I DON'T WANT YOU TO TRY TO FORCE THIS SHIT ON ME, FUCK THE FUCK OFF https://t.co/N4Wczy3QDh"
"RT @Conalep_Edomex: AcompÃ¡Ã±anos a la plÃ¡tica de cierre del ciclo ""Como marcar tu diferencia"": Tus Semillas de tus Logros
ğŸ—“ 14 de mayo 
ğŸ•š 11â€¦"
"RT @WillWulffDamnIt: The CDC now says that Microsoft and Sony should just give me an @Xbox Series X and a @PlayStation 5, respectively"
@Microsoft This meeting could have been a gif.
https://t.co/BVQt8ImkNZ
"RT @LancashireFA: AFFILIATION | Our online affiliation drop-in sessions are will be taking place next week from 7pm-8pm on Tuesday 18th, Weâ€¦"
"Advertisers Can Activate Now Their First-Party Data Across Microsoft Advertising, via adExchanger https://t.co/75xEDgymW4"
"RT @BleacherReport: Collin Sexton breaks down film on all the ways he gets buckets ğŸ”¥ 

NBA CourtOptix powered by @Microsoft Azure gives Colâ€¦"
"Well #Microsoft skipped a Sunday #XboxSeriesX restock but they dropped right on time today, starting at about 6PM Eâ€¦ https://t.co/kpznyWOQQy"
